Date,AAPL,BRK-B,GOOG,JPM,MMM,VZ
2020-09-03,119.4382095336914,218.14999389648438,82.09200286865234,95.79167938232422,155.1056365966797,55.31035232543945
2020-09-04,119.51725006103516,218.32000732421875,79.552001953125,97.86197662353516,154.60202026367188,55.19171905517578
2020-09-08,111.47434997558594,217.8000030517578,76.61949920654297,94.45873260498047,152.1771697998047,54.717185974121094
2020-09-09,115.9206771850586,219.6300048828125,77.8479995727539,95.35682678222656,154.53671264648438,54.790191650390625
2020-09-10,112.1363525390625,217.8000030517578,76.60099792480469,94.37364959716797,152.1585235595703,54.32478713989258
2020-09-11,110.66412353515625,217.92999267578125,76.03600311279297,95.54589080810547,154.9750518798828,54.56204605102539
2020-09-14,113.98405456542969,219.94000244140625,75.96399688720703,96.86936950683594,157.11077880859375,55.04570770263672
2020-09-15,114.16190338134766,218.94000244140625,77.0719985961914,93.85372161865234,155.34812927246094,55.30122375488281
2020-09-16,110.79257202148438,219.58999633789062,76.04499816894531,94.2507553100586,158.0900421142578,55.09133529663086
2020-09-17,109.02392578125,218.0500030517578,74.77649688720703,93.17306518554688,160.76669311523438,55.2921028137207
2020-09-18,105.565673828125,218.2100067138672,72.99949645996094,92.97455596923828,158.12733459472656,55.073081970214844
2020-09-21,108.76702117919922,213.02000427246094,71.55799865722656,90.1007080078125,150.48910522460938,54.397789001464844
2020-09-22,110.47638702392578,214.16000366210938,73.27300262451172,89.11754608154297,151.40310668945312,54.58942794799805
2020-09-23,105.84233093261719,209.61000061035156,70.760498046875,87.6711654663086,148.76373291015625,53.759002685546875
2020-09-24,106.92921447753906,208.72000122070312,71.41449737548828,87.59554290771484,149.61245727539062,54.01451110839844
2020-09-25,110.9407958984375,210.4499969482422,72.24800109863281,88.36127471923828,149.47254943847656,54.197025299072266
2020-09-28,113.58882904052734,213.5399932861328,73.22599792480469,90.90425109863281,150.7689208984375,54.16965103149414
2020-09-29,112.72920227050781,210.44000244140625,73.46649932861328,90.13851165771484,149.04354858398438,54.06014633178711
2020-09-30,114.42867279052734,212.94000244140625,73.4800033569336,91.00823211669922,149.38861083984375,54.28828430175781
2020-10-01,115.39698791503906,212.02000427246094,74.50450134277344,91.66998291015625,148.0922393798828,54.25178146362305
2020-10-02,111.67196655273438,211.17999267578125,72.9209976196289,92.5396957397461,149.5564727783203,54.06014633178711
2020-10-05,115.11046600341797,212.36000061035156,74.3010025024414,94.4956283569336,151.7854766845703,54.443416595458984
2020-10-06,111.81028747558594,210.25999450683594,72.6719970703125,93.52242279052734,151.3004913330078,54.260902404785156
2020-10-07,113.70738983154297,213.2899932861328,73.0145034790039,95.15396881103516,155.27352905273438,54.397789001464844
2020-10-08,113.59869384765625,215.14999389648438,74.29650115966797,97.10990905761719,156.41131591796875,54.58961868286133
2020-10-09,115.57484436035156,215.67999267578125,75.76100158691406,96.5565185546875,157.8942108154297,54.71874237060547
2020-10-12,122.9162368774414,216.41000366210938,78.4574966430664,97.73963165283203,157.28799438476562,54.92164611816406
2020-10-13,119.65559387207031,212.30999755859375,78.58399963378906,96.1557846069336,155.40406799316406,54.74641418457031
2020-10-14,119.74451446533203,210.91000366210938,78.40399932861328,95.62149047851562,157.0548095703125,53.888694763183594
2020-10-15,119.27022552490234,211.64999389648438,77.95649719238281,97.05265808105469,157.68902587890625,53.63967514038086
2020-10-16,117.60039520263672,211.91000366210938,78.65049743652344,96.85230255126953,159.45167541503906,53.53822326660156
2020-10-19,114.5966567993164,208.99000549316406,76.73049926757812,95.22076416015625,158.12733459472656,52.84651565551758
2020-10-20,116.10840606689453,210.05999755859375,77.79650115966797,95.76461029052734,159.43304443359375,52.8004035949707
2020-10-21,115.47604370117188,210.17999267578125,79.66549682617188,94.81047821044922,157.77294921875,52.33926773071289
2020-10-22,114.3694076538086,211.61000061035156,80.7665023803711,98.15943908691406,159.20919799804688,52.87418746948242
2020-10-23,113.6678695678711,212.7100067138672,82.05000305175781,99.0467758178711,158.3605194091797,53.45521545410156
2020-10-26,113.67774963378906,208.49000549316406,79.52249908447266,96.59468841552734,154.96572875976562,53.31687927246094
2020-10-27,115.20925903320312,206.8800048828125,80.21299743652344,94.77233123779297,150.18133544921875,52.92030334472656
2020-10-28,109.8736572265625,200.6999969482422,75.83100128173828,92.11034393310547,147.84976196289062,51.93346405029297
2020-10-29,113.94452667236328,201.50999450683594,78.36199951171875,92.71144104003906,147.8031463623047,52.348487854003906
2020-10-30,107.56157684326172,201.89999389648438,81.05049896240234,93.54151916503906,149.18341064453125,52.560611724853516
2020-11-02,107.47264862060547,204.30999755859375,81.30149841308594,95.65011596679688,151.962646484375,53.21542739868164
2020-11-03,109.12274169921875,206.6300048828125,82.510498046875,98.66511535644531,154.35951232910156,53.261539459228516
2020-11-04,113.57894134521484,206.1699981689453,87.45649719238281,95.65011596679688,149.36996459960938,52.77273941040039
2020-11-05,117.61028289794922,207.4499969482422,88.16850280761719,99.56198120117188,152.20516967773438,53.630455017089844
2020-11-06,117.4766616821289,208.85000610351562,88.0875015258789,98.23577117919922,152.0372772216797,53.980918884277344
2020-11-09,115.13088989257812,221.5,88.1500015258789,111.53614807128906,152.41966247558594,55.18910217285156
2020-11-10,114.78446960449219,228.47999572753906,87.01950073242188,111.17357635498047,157.74496459960938,56.351173400878906
2020-11-11,118.26848602294922,227.3699951171875,87.635498046875,109.51341247558594,157.81024169921875,56.258949279785156
2020-11-12,117.9913330078125,224.72000122070312,87.49199676513672,108.1681137084961,155.7957763671875,56.06526565551758
2020-11-13,118.04084014892578,227.4199981689453,88.85099792480469,108.84554290771484,158.35118103027344,56.31427764892578
2020-11-16,119.0702133178711,233.10000610351562,89.06900024414062,111.91778564453125,162.14697265625,56.157493591308594
2020-11-17,118.16950225830078,233.16000366210938,88.50749969482422,110.78239440917969,161.9418182373047,56.02837371826172
2020-11-18,116.82340240478516,230.07000732421875,87.33899688720703,109.96185302734375,159.85272216796875,55.631797790527344
2020-11-19,117.42717742919922,229.52999877929688,88.19599914550781,110.25762176513672,161.43309020996094,55.53034591674805
2020-11-20,116.14044952392578,227.00999450683594,87.1094970703125,109.31304931640625,162.63717651367188,55.37356185913086
2020-11-23,112.68614196777344,229.5399932861328,86.74299621582031,112.46162414550781,163.8130645751953,55.54878616333008
2020-11-24,113.99263763427734,233.9199981689453,88.44400024414062,117.66156005859375,166.5786895751953,55.92692184448242
2020-11-25,114.8438491821289,233.1300048828125,88.57150268554688,116.43074798583984,166.61634826660156,55.71480178833008
2020-11-27,115.39812469482422,231.5500030517578,89.65950012207031,115.65791320800781,166.3999786376953,55.871585845947266
2020-11-30,117.8329849243164,228.91000366210938,88.03700256347656,112.47117614746094,162.4866485595703,55.71480178833008
2020-12-01,121.46546173095703,229.67999267578125,89.90499877929688,114.24581909179688,160.40771484375,55.871585845947266
2020-12-02,121.82178497314453,230.4199981689453,91.39749908447266,116.4403076171875,161.6588592529297,56.59096145629883
2020-12-03,121.68321228027344,231.02000427246094,91.3385009765625,115.67699432373047,161.6400604248047,56.94143295288086
2020-12-04,121.00025939941406,231.35000610351562,91.39949798583984,116.72653198242188,162.23269653320312,56.76619338989258
2020-12-07,122.48493194580078,229.24000549316406,90.9739990234375,116.28762817382812,160.05966186523438,56.58174133300781
2020-12-08,123.10848236083984,228.19000244140625,90.92749786376953,116.40213012695312,162.23269653320312,56.67396926879883
2020-12-09,120.53506469726562,227.50999450683594,89.20649719238281,115.49571990966797,164.8948516845703,56.68318557739258
2020-12-10,121.98014068603516,227.35000610351562,88.7665023803711,114.75151062011719,163.20159912109375,55.80702590942383
2020-12-11,121.15863037109375,226.38999938964844,89.0885009765625,114.07408905029297,163.70018005371094,55.65945816040039
2020-12-14,120.53506469726562,222.85000610351562,88.00299835205078,112.87191009521484,162.81591796875,55.31822204589844
2020-12-15,126.57270050048828,224.3800048828125,88.38849639892578,114.7992172241211,164.32102966308594,55.84391784667969
2020-12-16,126.50343322753906,221.91000366210938,88.1500015258789,115.13314056396484,165.0077362060547,55.253662109375
2020-12-17,127.38433074951172,224.67999267578125,87.3949966430664,114.17903900146484,166.17420959472656,55.34588623046875
2020-12-18,125.36518096923828,223.42999267578125,86.55049896240234,113.61611938476562,165.9578399658203,55.76091766357422
2020-12-21,126.91912841796875,223.49000549316406,86.96849822998047,117.88101959228516,165.24290466308594,54.86630630493164
2020-12-22,130.5318145751953,221.8800048828125,86.17500305175781,116.0872802734375,164.41510009765625,54.40517044067383
2020-12-23,129.62123107910156,224.24000549316406,86.61900329589844,119.33126831054688,163.67193603515625,54.377498626708984
2020-12-24,130.6208953857422,226.52999877929688,86.94249725341797,118.8064956665039,164.17051696777344,54.26682662963867
2020-12-28,135.2926483154297,228.41000366210938,88.80449676513672,119.58888244628906,164.3492431640625,54.39594268798828
2020-12-29,133.49122619628906,229.57000732421875,87.93599700927734,119.2740249633789,163.5402374267578,54.23915481567383
2020-12-30,132.35302734375,229.64999389648438,86.97599792480469,119.60794830322266,163.7848358154297,53.62123107910156
2020-12-31,131.3335418701172,231.8699951171875,87.59400177001953,121.23949432373047,164.4245147705078,54.18382263183594
2021-01-04,128.0870819091797,228.4499969482422,86.41200256347656,120.09456634521484,161.6776580810547,54.27604675292969
2021-01-05,129.6707000732422,227.47000122070312,87.0459976196289,120.74803924560547,161.40484619140625,54.02703094482422
2021-01-06,125.30579376220703,230.27000427246094,86.7645034790039,126.41786193847656,163.860107421875,54.681846618652344
2021-01-07,129.58164978027344,232.8800048828125,89.36250305175781,130.5692901611328,159.65516662597656,54.558807373046875
2021-01-08,130.70010375976562,234.02999877929688,90.3604965209961,130.71347045898438,156.739013671875,53.87833786010742
2021-01-11,127.66145324707031,233.42999267578125,88.33599853515625,132.66427612304688,155.40321350097656,53.5614013671875
2021-01-12,127.48332214355469,233.02999877929688,87.32749938964844,134.74961853027344,156.63552856445312,53.37497329711914
2021-01-13,129.55194091796875,234.50999450683594,87.72000122070312,134.87454223632812,156.41915893554688,53.18855285644531
2021-01-14,127.5921859741211,235.02000427246094,87.00900268554688,135.66253662109375,156.5414581298828,53.169898986816406
2021-01-15,125.84027099609375,233.49000549316406,86.80950164794922,133.23123168945312,155.73245239257812,53.48683547973633
2021-01-19,126.52323150634766,234.5500030517578,89.54299926757812,132.65464782714844,159.09072875976562,53.17921447753906
2021-01-20,130.6802978515625,234.75999450683594,94.34500122070312,130.66543579101562,160.1255340576172,53.37497329711914
2021-01-21,135.4708251953125,234.16000366210938,94.5625,129.56988525390625,160.54884338378906,53.38429641723633
2021-01-22,137.64833068847656,232.9199981689453,95.05249786376953,128.57044982910156,159.01548767089844,53.57072830200195
2021-01-25,141.45896911621094,233.00999450683594,94.97000122070312,126.96560668945312,160.28543090820312,54.45626449584961
2021-01-26,141.69650268554688,231.57000732421875,95.86199951171875,126.4466781616211,165.51571655273438,52.731788635253906
2021-01-27,140.6077423095703,227.36000061035156,91.53949737548828,122.8718032836914,175.5811767578125,51.38949203491211
2021-01-28,135.68856811523438,230.9499969482422,93.15550231933594,125.0340347290039,172.542724609375,51.61320495605469
2021-01-29,130.61099243164062,227.8699951171875,91.78700256347656,123.65020751953125,165.24290466308594,51.035274505615234
2021-02-01,132.7687225341797,229.32000732421875,95.06749725341797,124.56314086914062,164.33982849121094,50.597164154052734
2021-02-02,133.61004638671875,232.24000549316406,96.37550354003906,128.39747619628906,164.640869140625,50.80223846435547
2021-02-03,132.5707550048828,232.67999267578125,103.50350189208984,129.86778259277344,165.07357788085938,51.07255554199219
2021-02-04,135.9854736328125,235.77000427246094,103.11849975585938,132.85646057128906,166.59751892089844,51.3988151550293
2021-02-05,135.56422424316406,235.16000366210938,104.9000015258789,132.59698486328125,168.39425659179688,51.56660079956055
2021-02-08,135.71287536621094,237.4199981689453,104.64550018310547,134.67274475097656,170.04046630859375,51.31491470336914
2021-02-09,134.8207550048828,239.91000366210938,104.17549896240234,134.1345672607422,170.2097930908203,51.268314361572266
2021-02-10,134.2061767578125,239.9199981689453,104.76899719238281,134.21145629882812,170.3415069580078,51.231021881103516
2021-02-11,133.94845581054688,239.75999450683594,104.79450225830078,133.836669921875,168.07470703125,50.895450592041016
2021-02-12,134.18634033203125,242.4600067138672,105.20549774169922,135.7394256591797,169.48788452148438,50.5225944519043
2021-02-16,132.02542114257812,245.27999877929688,106.09500122070312,139.0067901611328,167.52459716796875,50.47597885131836
2021-02-17,129.6959686279297,245.25,106.41549682617188,139.43923950195312,167.54354858398438,53.123294830322266
2021-02-18,128.5758514404297,243.5,105.86000061035156,139.9101104736328,170.12335205078125,53.11397171020508
2021-02-19,128.7344512939453,241.85000610351562,105.05699920654297,142.2453155517578,167.43922424316406,52.61993408203125
2021-02-22,124.8982925415039,244.97000122070312,103.24400329589844,143.5811004638672,167.04087829589844,52.61993408203125
2021-02-23,124.75951385498047,245.52999877929688,103.54299926757812,144.7342529296875,167.08831787109375,53.16057586669922
2021-02-24,124.25397491455078,248.4499969482422,104.75849914550781,147.2808837890625,168.47305297851562,53.24447250366211
2021-02-25,119.93209838867188,243.69000244140625,101.56800079345703,145.28201293945312,169.54478454589844,52.666542053222656
2021-02-26,120.1997299194336,240.50999450683594,101.84300231933594,141.42848205566406,166.03553771972656,51.547950744628906
2021-03-01,126.6726303100586,249.2100067138672,104.07550048828125,144.62857055664062,167.31594848632812,51.6038818359375
2021-03-02,124.02599334716797,249.22000122070312,103.79199981689453,144.15765380859375,167.9798583984375,51.24966812133789
2021-03-03,120.99273681640625,251.5500030517578,101.33550262451172,146.9445343017578,168.88087463378906,51.62252426147461
2021-03-04,119.0796127319336,245.47999572753906,102.45449829101562,144.6862335205078,168.47305297851562,51.08188247680664
2021-03-05,120.35833740234375,253.14999389648438,105.427001953125,145.02256774902344,171.4796142578125,52.20045852661133
2021-03-08,115.34258270263672,257.6099853515625,101.20850372314453,146.9445343017578,174.29653930664062,52.93686294555664
2021-03-09,120.03121948242188,259.0199890136719,102.63500213623047,145.9066925048828,171.8400421142578,52.38689422607422
2021-03-10,118.93092346191406,263.989990234375,102.75150299072266,149.0779266357422,174.99838256835938,53.207191467285156
2021-03-11,120.89360809326172,260.9100036621094,105.7385025024414,148.29953002929688,175.0552978515625,51.74370574951172
2021-03-12,119.97174072265625,260.0199890136719,103.09600067138672,150.05813598632812,175.38723754882812,51.85557174682617
2021-03-15,122.90585327148438,254.61000061035156,103.32450103759766,149.30853271484375,179.712158203125,51.864891052246094
2021-03-16,124.4720458984375,251.5,104.6259994506836,147.52113342285156,177.21775817871094,51.864891052246094
2021-03-17,123.66913604736328,252.0,104.55400085449219,149.0394744873047,178.59300231933594,51.96742248535156
2021-03-18,119.47611999511719,252.4600067138672,101.81099700927734,151.49960327148438,181.15379333496094,52.48942947387695
2021-03-19,118.94082641601562,250.99000549316406,102.16000366210938,149.08755493164062,178.98187255859375,52.42417907714844
2021-03-22,122.31111145019531,250.36000061035156,101.92949676513672,145.08023071289062,179.70269775390625,52.750431060791016
2021-03-23,121.46855163574219,248.30999755859375,102.64800262451172,143.62913513183594,178.62147521972656,53.04872131347656
2021-03-24,119.03996276855469,249.6300048828125,102.25299835205078,144.74386596679688,180.85980224609375,53.14193344116211
2021-03-25,119.53559112548828,250.75,102.21800231933594,146.5985870361328,183.1455535888672,53.48683547973633
2021-03-26,120.15017700195312,256.7699890136719,101.77749633789062,149.0394744873047,184.83380126953125,54.232547760009766
2021-03-29,120.32859802246094,258.82000732421875,102.79750061035156,146.72352600097656,185.64950561523438,54.83845520019531
2021-03-30,118.85162353515625,258.19000244140625,102.7770004272461,148.4532928466797,184.60617065429688,54.6147346496582
2021-03-31,121.08196258544922,255.47000122070312,103.43150329589844,146.29104614257812,182.74720764160156,54.204586029052734
2021-04-01,121.92453002929688,258.20001220703125,106.88749694824219,147.7133331298828,182.76617431640625,54.34440612792969
2021-04-05,124.7991714477539,262.6600036621094,111.27749633789062,148.49630737304688,184.9191436767578,54.875732421875
2021-04-06,125.10645294189453,263.05999755859375,111.23750305175781,147.45233154296875,184.79588317871094,55.099449157714844
2021-04-07,126.78167724609375,263.6199951171875,112.48400115966797,149.76263427734375,184.9001922607422,54.99691390991211
2021-04-08,129.2201385498047,263.510009765625,113.27200317382812,149.94625854492188,185.63050842285156,54.26955032348633
2021-04-09,131.83706665039062,266.010009765625,114.29399871826172,151.06759643554688,187.79293823242188,54.165916442871094
2021-04-12,130.09246826171875,267.92999267578125,112.739501953125,150.74859619140625,187.63172912597656,54.2130241394043
2021-04-13,133.25457763671875,267.1000061035156,113.3635025024414,148.9506378173828,186.34182739257812,54.28839111328125
2021-04-14,130.8755645751953,267.5299987792969,112.74199676513672,146.16671752929688,186.60740661621094,54.36376953125
2021-04-15,133.323974609375,269.1400146484375,114.83300018310547,147.0946807861328,187.29977416992188,54.36376953125
2021-04-16,132.9869384765625,272.1099853515625,114.88800048828125,148.18699645996094,188.34304809570312,54.91023254394531
2021-04-19,133.66099548339844,270.2799987792969,115.12000274658203,147.5586395263672,188.3525390625,55.01387405395508
2021-04-20,131.9461212158203,267.8900146484375,114.68150329589844,144.29139709472656,188.07748413085938,55.01387405395508
2021-04-21,132.3327178955078,272.2099914550781,114.66449737548828,145.51902770996094,190.5244903564453,54.7783317565918
2021-04-22,130.78636169433594,269.510009765625,113.39600372314453,142.45477294921875,190.54344177246094,53.96805191040039
2021-04-23,133.14553833007812,271.9800109863281,115.76499938964844,145.18069458007812,191.7764434814453,53.98689651489258
2021-04-26,133.5420379638672,270.8599853515625,116.33699798583984,145.53836059570312,189.3389434814453,53.6477165222168
2021-04-27,133.2149200439453,273.6499938964844,115.35600280761719,146.2053680419922,184.4259490966797,53.06356430053711
2021-04-28,132.41201782226562,272.95001220703125,118.99549865722656,147.15267944335938,185.8296661376953,53.167205810546875
2021-04-29,132.31289672851562,277.6000061035156,121.49449920654297,150.0139617919922,188.78883361816406,54.00574493408203
2021-04-30,130.310546875,274.95001220703125,120.50599670410156,148.6799774169922,186.97727966308594,54.44856643676758
2021-05-03,131.38108825683594,279.17999267578125,119.75849914550781,148.2449951171875,188.37152099609375,54.571048736572266
2021-05-04,126.73211669921875,280.260009765625,117.7125015258789,150.2942657470703,189.10182189941406,55.211734771728516
2021-05-05,126.97993469238281,282.760009765625,117.83699798583984,152.2662353515625,191.0556182861328,55.29652786254883
2021-05-06,128.6055908203125,289.7099914550781,119.06749725341797,155.3305206298828,191.97561645507812,55.861839294433594
2021-05-07,129.2907257080078,290.92999267578125,119.93450164794922,155.8621826171875,192.6016082763672,55.324798583984375
2021-05-10,125.95443725585938,292.3299865722656,117.08300018310547,155.84283447265625,196.64198303222656,56.07854080200195
2021-05-11,125.02107238769531,285.6300048828125,115.43800354003906,153.25221252441406,193.21807861328125,55.15520095825195
2021-05-12,121.90324401855469,282.9100036621094,111.9540023803711,152.19854736328125,188.61810302734375,55.03271484375
2021-05-13,124.08770751953125,286.8999938964844,113.09850311279297,156.11351013183594,192.924072265625,55.40959167480469
2021-05-14,126.55020141601562,290.67999267578125,115.80799865722656,158.53976440429688,193.84408569335938,55.29652786254883
2021-05-17,125.37853240966797,289.2200012207031,116.07050323486328,159.17776489257812,194.5364532470703,54.58989715576172
2021-05-18,123.96855926513672,287.5899963378906,115.17150115966797,156.9351348876953,192.56365966796875,53.87384033203125
2021-05-19,123.8096923828125,286.2200012207031,115.43550109863281,155.73651123046875,192.15582275390625,53.628868103027344
2021-05-20,126.41117858886719,286.7300109863281,117.80449676513672,155.46585083007812,192.6621856689453,53.50638961791992
2021-05-21,124.5444564819336,287.739990234375,117.25499725341797,157.2348175048828,192.8628387451172,53.619449615478516
2021-05-24,126.20266723632812,289.7300109863281,120.33350372314453,158.08544921875,193.57940673828125,53.685401916503906
2021-05-25,126.00408172607422,287.20001220703125,120.45349884033203,156.45181274414062,192.7195281982422,53.21431350708008
2021-05-26,125.95443725585938,287.3299865722656,121.67649841308594,156.43251037597656,192.59532165527344,53.10124969482422
2021-05-27,124.39552307128906,289.29998779296875,120.12550354003906,158.86843872070312,194.18133544921875,53.035301208496094
2021-05-28,123.7302474975586,289.44000244140625,120.5780029296875,158.76211547851562,193.990234375,53.22373580932617
2021-06-01,123.40258026123047,289.8399963378906,121.4905014038086,160.51173400878906,194.1431121826172,53.120094299316406
2021-06-02,124.17707824707031,290.0199890136719,121.06400299072266,160.52139282226562,194.22909545898438,53.37448501586914
2021-06-03,122.66780090332031,291.9700012207031,120.23049926757812,160.62774658203125,194.5921630859375,53.685401916503906
2021-06-04,125.00121307373047,292.5199890136719,122.58799743652344,160.8887176513672,196.86610412597656,53.98689651489258
2021-06-07,125.01114654541016,289.4599914550781,123.30449676513672,160.13475036621094,194.6494903564453,53.89268112182617
2021-06-08,125.84521484375,289.19000244140625,124.14250183105469,159.49676513671875,194.51573181152344,53.8455696105957
2021-06-09,126.23245239257812,288.5799865722656,124.56999969482422,157.5054473876953,193.70362854003906,53.75135040283203
2021-06-10,125.21966552734375,284.9100036621094,126.08000183105469,155.0501708984375,194.07623291015625,54.02458572387695
2021-06-11,126.45091247558594,286.82000732421875,125.69650268554688,154.94384765625,193.77049255371094,54.015167236328125
2021-06-14,129.55882263183594,283.5299987792969,126.35199737548828,152.3145751953125,192.3851318359375,53.87384033203125
2021-06-15,128.7247314453125,283.94000244140625,126.03299713134766,150.00425720214844,191.66854858398438,53.97747802734375
2021-06-16,129.2311248779297,283.1099853515625,125.69650268554688,151.05792236328125,188.13348388671875,53.36505889892578
2021-06-17,130.85955810546875,278.69000244140625,126.37100219726562,146.6983642578125,186.44236755371094,53.261417388916016
2021-06-18,129.53895568847656,274.0400085449219,125.56749725341797,142.9864044189453,183.06015014648438,52.592472076416016
2021-06-21,131.36595153808594,277.1000061035156,126.45500183105469,145.41270446777344,186.50926208496094,53.1295166015625
2021-06-22,133.03408813476562,276.9200134277344,126.99949645996094,145.20005798339844,186.44236755371094,53.11066818237305
2021-06-23,132.75607299804688,274.6600036621094,126.46150207519531,146.07969665527344,183.78627014160156,52.82801818847656
2021-06-24,132.46812438964844,275.489990234375,127.28199768066406,147.42332458496094,184.6461639404297,53.11066818237305
2021-06-25,132.1702423095703,278.3800048828125,126.99500274658203,148.91197204589844,186.06973266601562,53.120094299316406
2021-06-28,133.82846069335938,276.6099853515625,126.81950378417969,149.18263244628906,187.7417449951172,52.93165588378906
2021-06-29,135.36749267578125,276.2099914550781,126.01850128173828,148.9989776611328,187.2926788330078,52.6113166809082
2021-06-30,135.99307250976562,277.9200134277344,125.31600189208984,150.35226440429688,189.7768096923828,52.79033660888672
2021-07-01,136.3008575439453,280.1700134277344,126.36849975585938,151.84091186523438,190.21629333496094,53.035301208496094
2021-07-02,138.97189331054688,279.1199951171875,128.718994140625,151.69508361816406,190.98065185546875,53.1766242980957
2021-07-06,141.017333984375,277.32000732421875,129.77099609375,149.1478729248047,188.11436462402344,53.14835739135742
2021-07-07,143.5493621826172,279.239990234375,130.07749938964844,149.32284545898438,190.9519805908203,53.261417388916016
2021-07-08,142.22874450683594,274.1000061035156,129.177001953125,146.74649047851562,189.432861328125,53.04991149902344
2021-07-09,144.08554077148438,280.489990234375,129.57449340820312,151.4423065185547,192.0411834716797,53.42148971557617
2021-07-12,143.47982788085938,280.1099853515625,130.56399536132812,153.6103515625,191.06663513183594,53.497711181640625
2021-07-13,144.6117706298828,279.2099914550781,130.9945068359375,151.3256378173828,190.70358276367188,53.4405403137207
2021-07-14,148.09698486328125,278.30999755859375,132.08250427246094,150.81036376953125,193.7895965576172,53.65967559814453
2021-07-15,147.43173217773438,279.7200012207031,131.26649475097656,151.1409149169922,193.56028747558594,53.878814697265625
2021-07-16,145.35647583007812,277.8999938964844,131.8455047607422,147.68954467773438,190.4838104248047,53.793067932128906
2021-07-19,141.44427490234375,272.6600036621094,129.25399780273438,142.8867950439453,188.75450134277344,53.20235061645508
2021-07-20,145.11817932128906,276.8900146484375,131.10150146484375,145.5506591796875,191.8692169189453,52.95463562011719
2021-07-21,144.3734588623047,279.8800048828125,132.60049438476562,148.61314392089844,191.82144165039062,53.30715560913086
2021-07-22,145.7635955810547,277.70001220703125,133.32850646972656,146.7367706298828,190.1971893310547,53.30715560913086
2021-07-23,147.5111541748047,278.489990234375,137.8159942626953,146.45481872558594,191.5539093017578,53.24046325683594
2021-07-26,147.93812561035156,278.79998779296875,139.64450073242188,147.436767578125,192.68130493164062,53.14518356323242
2021-07-27,145.7338104248047,280.7799987792969,136.79649353027344,147.24232482910156,191.5347900390625,53.545345306396484
2021-07-28,143.9564208984375,278.1000061035156,136.38150024414062,147.48536682128906,189.44241333007812,53.08802032470703
2021-07-29,144.6117706298828,279.760009765625,136.54049682617188,148.749267578125,189.33731079101562,53.33573913574219
2021-07-30,144.83021545410156,278.2900085449219,135.2209930419922,147.5631561279297,189.11756896972656,53.14518356323242
2021-08-02,144.49264526367188,278.1400146484375,135.989501953125,146.9700927734375,188.71627807617188,53.12612533569336
2021-08-03,146.3196258544922,281.79998779296875,136.27999877929688,148.64231872558594,192.06982421875,53.0975456237793
2021-08-04,145.91253662109375,278.7799987792969,136.02850341796875,147.0381622314453,188.725830078125,52.75455093383789
2021-08-05,146.02174377441406,280.2099914550781,136.94000244140625,148.8950958251953,188.9838104248047,52.68785858154297
2021-08-06,145.32565307617188,285.6300048828125,137.03599548339844,153.12423706054688,189.29910278320312,52.611637115478516
2021-08-09,145.27593994140625,287.2300109863281,138.0019989013672,152.95896911621094,188.6302947998047,52.516357421875
2021-08-10,144.78866577148438,288.94000244140625,138.09649658203125,154.8353271484375,190.36917114257812,52.85935592651367
2021-08-11,145.04722595214844,291.2799987792969,137.6894989013672,156.6825408935547,192.5857696533203,52.945106506347656
2021-08-12,148.06033325195312,290.239990234375,138.38949584960938,157.2950439453125,192.45201110839844,53.011802673339844
2021-08-13,148.2691650390625,287.8900146484375,138.406005859375,155.5353240966797,191.639892578125,53.23093032836914
2021-08-16,150.27789306640625,289.45001220703125,138.91600036621094,154.51449584960938,193.30233764648438,53.33573913574219
2021-08-17,149.3531036376953,289.1000061035156,137.30050659179688,152.64785766601562,190.6558074951172,53.52629089355469
2021-08-18,145.54443359375,286.3599853515625,136.57000732421875,151.25758361816406,187.75131225585938,52.849830627441406
2021-08-19,145.88255310058594,285.1300048828125,136.9134979248047,149.9936981201172,186.65257263183594,52.75455093383789
2021-08-20,147.36424255371094,285.2699890136719,138.43699645996094,150.42147827148438,186.92213439941406,52.89746856689453
2021-08-23,148.87576293945312,285.6199951171875,141.09950256347656,152.3464813232422,187.4227294921875,52.802188873291016
2021-08-24,148.78627014160156,286.0199890136719,142.39849853515625,153.2895050048828,187.49012756347656,52.411556243896484
2021-08-25,147.5332794189453,287.29998779296875,142.9499969482422,156.44921875,187.0953826904297,52.33533477783203
2021-08-26,146.71786499023438,285.2699890136719,142.1230010986328,157.25616455078125,188.03887939453125,52.02092361450195
2021-08-27,147.77194213867188,286.6000061035156,144.55050659179688,158.52005004882812,187.77894592285156,52.182899475097656
2021-08-30,152.26675415039062,285.6600036621094,145.46949768066406,155.9825439453125,188.85719299316406,52.182899475097656
2021-08-31,150.9839630126953,285.7699890136719,145.46200561523438,155.50616455078125,187.48049926757812,52.40202713012695
2021-09-01,151.66015625,285.260009765625,145.8419952392578,155.28256225585938,186.22897338867188,52.3448600769043
2021-09-02,152.79380798339844,285.04998779296875,144.218994140625,156.00201416015625,187.62489318847656,52.67832946777344
2021-09-03,153.44020080566406,281.8900146484375,144.77499389648438,155.05894470214844,187.1435546875,52.81171798706055
2021-09-07,155.81689453125,278.8999938964844,145.5189971923828,154.7867431640625,178.6619415283203,52.23053741455078
2021-09-08,154.2456817626953,279.3399963378906,144.8834991455078,154.09645080566406,180.88584899902344,52.316280364990234
2021-09-09,153.21148681640625,278.6099853515625,144.9134979248047,154.7672882080078,178.8256378173828,51.86848068237305
2021-09-10,148.13990783691406,277.6000061035156,141.92100524902344,152.98812866210938,177.67034912109375,51.668399810791016
2021-09-13,148.71665954589844,279.9200134277344,143.46499633789062,155.41867065429688,178.32501220703125,52.03997802734375
2021-09-14,147.29461669921875,277.20001220703125,143.406005859375,152.7061767578125,175.6197509765625,51.839900970458984
2021-09-15,148.19955444335938,278.17999267578125,145.20599365234375,153.7659149169922,177.32379150390625,51.992340087890625
2021-09-16,147.9608917236328,277.510009765625,144.37350463867188,153.69784545898438,175.850830078125,51.85895538330078
2021-09-17,145.24610900878906,276.760009765625,141.4635009765625,153.2992401123047,174.72442626953125,51.71603775024414
2021-09-20,142.14349365234375,274.20001220703125,139.01699829101562,148.7103729248047,173.80020141601562,51.696983337402344
2021-09-21,142.63075256347656,273.17999267578125,139.64649963378906,148.7298126220703,171.7688751220703,51.47784423828125
2021-09-22,145.0372772216797,274.07000732421875,140.93850708007812,151.5784149169922,173.1359405517578,51.506431579589844
2021-09-23,146.01181030273438,278.1199951171875,141.82650756835938,156.70199584960938,174.762939453125,51.849422454833984
2021-09-24,146.10130310058594,277.8699951171875,142.63299560546875,158.5102996826172,174.2911834716797,51.801788330078125
2021-09-27,144.5599365234375,279.7200012207031,141.50100708007812,162.34085083007812,175.0132293701172,51.897064208984375
2021-09-28,141.1192169189453,276.7900085449219,136.1840057373047,161.4658660888672,173.33810424804688,51.601707458496094
2021-09-29,142.03411865234375,277.2900085449219,134.52099609375,161.3394775390625,174.13717651367188,51.81132125854492
2021-09-30,140.71151733398438,272.94000244140625,133.2655029296875,159.1422576904297,168.8806915283203,51.45878601074219
2021-10-01,141.8551025390625,275.7099914550781,136.46249389648438,162.4866943359375,170.09373474121094,51.73509216308594
2021-10-04,138.36465454101562,273.6400146484375,133.76499938964844,162.3116912841797,169.4775848388672,51.92564392089844
2021-10-05,140.3236846923828,278.04998779296875,136.177001953125,164.9622802734375,171.24900817871094,51.9351692199707
2021-10-06,141.20872497558594,280.2200012207031,137.35400390625,165.31439208984375,171.74960327148438,51.95423126220703
2021-10-07,142.49154663085938,282.95001220703125,139.1855010986328,166.3609161376953,171.17198181152344,51.963871002197266
2021-10-08,142.10369873046875,284.1400146484375,140.05599975585938,166.48806762695312,170.35366821289062,51.327579498291016
2021-10-11,142.0142364501953,280.92999267578125,138.84750366210938,162.98655700683594,169.70864868164062,50.3056526184082
2021-10-12,140.72145080566406,278.6199951171875,136.71299743652344,161.734619140625,168.9866180419922,49.48618698120117
2021-10-13,140.1248016357422,277.8999938964844,137.89999389648438,157.47023010253906,170.56546020507812,49.50546646118164
2021-10-14,142.95889282226562,281.6400146484375,141.41200256347656,159.8860626220703,173.59805297851562,50.05499267578125
2021-10-15,144.03289794921875,284.2099914550781,141.6750030517578,162.95721435546875,175.15765380859375,50.39242172241211
2021-10-18,145.73338317871094,282.5899963378906,142.9604949951172,162.89854431152344,174.9458465576172,50.045352935791016
2021-10-19,147.93106079101562,284.8299865722656,143.82200622558594,164.874267578125,175.51385498046875,50.469547271728516
2021-10-20,148.42825317382812,287.489990234375,142.4149932861328,167.09446716308594,175.6197509765625,51.684288024902344
2021-10-21,148.64703369140625,286.82000732421875,142.78050231933594,165.7838592529297,175.33094787597656,51.47218704223633
2021-10-22,147.8614501953125,289.239990234375,138.625,168.0138702392578,174.06016540527344,51.02871322631836
2021-10-25,147.8117218017578,290.260009765625,138.7729949951172,167.19229125976562,175.60049438476562,50.691287994384766
2021-10-26,148.48794555664062,290.8500061035156,139.6719970703125,167.64219665527344,175.3694610595703,51.17332458496094
2021-10-27,148.02056884765625,287.7799987792969,146.42750549316406,164.1504669189453,171.59559631347656,50.7394905090332
2021-10-28,151.71983337402344,289.7200012207031,146.12899780273438,166.625,173.16481018066406,50.903385162353516
2021-10-29,148.9652557373047,287.010009765625,148.27049255371094,166.16531372070312,172.0191650390625,51.0865592956543
2021-11-01,148.1299591064453,286.239990234375,143.7740020751953,166.0772705078125,172.8856201171875,51.04799270629883
2021-11-02,149.1840362548828,287.92999267578125,145.86300659179688,166.7325897216797,175.18653869628906,50.681644439697266
2021-11-03,150.64585876464844,288.7200012207031,146.7899932861328,166.79127502441406,175.43682861328125,51.038352966308594
2021-11-04,150.1188201904297,287.69000244140625,148.68299865722656,164.6003875732422,173.8772430419922,49.98750305175781
2021-11-05,150.6565704345703,287.8800048828125,149.24099731445312,164.36566162109375,175.0228729248047,50.36349868774414
2021-11-08,149.82003784179688,288.79998779296875,149.35150146484375,165.35350036621094,174.77256774902344,50.45026397705078
2021-11-09,150.18849182128906,286.3500061035156,149.24850463867188,164.1015625,174.57040405273438,50.36349868774414
2021-11-10,147.3104248046875,285.32000732421875,146.62600708007812,163.945068359375,175.6197509765625,50.71056365966797
2021-11-11,147.2606201171875,284.6499938964844,146.7480010986328,163.935302734375,173.49215698242188,50.565956115722656
2021-11-12,149.3719024658203,285.989990234375,149.64549255371094,163.20172119140625,176.81353759765625,50.45990753173828
2021-11-15,149.38185119628906,284.6700134277344,149.38800048828125,162.9083251953125,176.47657775878906,50.51775360107422
2021-11-16,150.37771606445312,283.3599853515625,149.0760040283203,161.734619140625,176.53433227539062,50.189964294433594
2021-11-17,152.8574676513672,281.5899963378906,149.06199645996094,160.86415100097656,176.50546264648438,49.87181854248047
2021-11-18,157.2194061279297,280.6300048828125,150.70899963378906,159.47528076171875,173.50645446777344,49.39942169189453
2021-11-19,159.88836669921875,279.989990234375,149.95249938964844,157.3919677734375,173.95289611816406,49.0330696105957
2021-11-22,160.35643005371094,284.9700012207031,147.07850646972656,160.7467803955078,174.37025451660156,49.68864440917969
2021-11-23,160.74484252929688,288.55999755859375,146.7570037841797,164.59060668945312,174.17613220214844,49.89109802246094
2021-11-24,161.27264404296875,287.2799987792969,146.71749877929688,163.29954528808594,172.4000244140625,49.80432891845703
2021-11-26,156.16378784179688,283.0899963378906,142.80599975585938,158.37982177734375,170.3521270751953,49.939300537109375
2021-11-29,159.57965087890625,282.1199951171875,146.11399841308594,157.69515991210938,171.04122924804688,49.80432891845703
2021-11-30,164.61880493164062,276.69000244140625,142.45199584960938,155.34779357910156,165.03346252441406,48.464263916015625
2021-12-01,164.0909881591797,275.0,141.6179962158203,154.4283905029297,165.7031707763672,47.98221969604492
2021-12-02,163.08514404296875,279.0899963378906,143.77650451660156,157.67562866210938,165.24700927734375,48.907737731933594
2021-12-03,161.17306518554688,277.42999267578125,142.52049255371094,154.8196258544922,167.50839233398438,49.57295227050781
2021-12-06,164.6387176513672,281.3800048828125,143.79649353027344,156.6486358642578,171.98268127441406,49.23552703857422
2021-12-07,170.4745635986328,284.9700012207031,148.0364990234375,159.0058135986328,171.351806640625,48.965579986572266
2021-12-08,174.35848999023438,283.7200012207031,148.7205047607422,157.1865692138672,170.8568115234375,48.67636489868164
2021-12-09,173.84063720703125,284.5199890136719,148.1060028076172,156.9420623779297,170.759765625,48.358211517333984
2021-12-10,178.71047973632812,288.2300109863281,148.6750030517578,156.31610107421875,171.8856201171875,48.38713455200195
2021-12-13,175.01577758789062,290.010009765625,146.70449829101562,154.45773315429688,169.43980407714844,48.47390365600586
2021-12-14,173.61158752441406,295.0299987792969,144.9705047607422,155.64122009277344,169.57568359375,48.83061218261719
2021-12-15,178.5611114501953,294.5799865722656,147.36849975585938,154.477294921875,170.60447692871094,48.73420333862305
2021-12-16,171.5500946044922,300.1700134277344,144.8385009765625,156.89315795898438,173.0599822998047,50.85517883300781
2021-12-17,170.43472290039062,293.6600036621094,142.80299377441406,153.3231658935547,169.6048126220703,51.26008987426758
2021-12-20,169.0504608154297,289.6099853515625,142.40150451660156,150.56500244140625,167.55691528320312,51.18296432495117
2021-12-21,172.277099609375,293.239990234375,144.2205047607422,152.6678466796875,167.82867431640625,50.884098052978516
2021-12-22,174.9161834716797,294.4100036621094,146.94900512695312,153.26449584960938,167.55691528320312,50.87445831298828
2021-12-23,175.5535430908203,294.489990234375,147.1425018310547,153.8122100830078,169.81832885742188,50.78769302368164
2021-12-27,179.5868682861328,296.6700134277344,148.06399536132812,154.69248962402344,171.49737548828125,50.78769302368164
2021-12-28,178.55113220214844,298.2900085449219,146.447998046875,155.16195678710938,172.40969848632812,50.826255798339844
2021-12-29,178.64077758789062,299.4599914550781,146.50450134277344,155.08370971679688,173.15704345703125,50.479190826416016
2021-12-30,177.46563720703125,299.9800109863281,146.00250244140625,155.00546264648438,172.40969848632812,50.373138427734375
2021-12-31,176.83824157714844,299.0,144.67950439453125,154.87832641601562,172.4000244140625,50.09355545043945
2022-01-03,181.2599334716797,300.7900085449219,145.07449340820312,158.1548614501953,172.50677490234375,50.556312561035156
2022-01-04,178.95944213867188,308.5299987792969,144.41650390625,164.1504669189453,174.9234619140625,51.54931640625
2022-01-05,174.19915771484375,309.9200134277344,137.65350341796875,161.1494598388672,174.2052459716797,52.079559326171875
2022-01-06,171.2911834716797,313.2200012207031,137.55099487304688,162.8615264892578,172.7591094970703,51.82889938354492
2022-01-07,171.4604949951172,319.7799987792969,137.00450134277344,164.47518920898438,174.65171813964844,52.92168045043945
2022-01-10,171.48040771484375,318.92999267578125,138.57400512695312,164.6326141357422,172.18649291992188,52.5606689453125
2022-01-11,174.35848999023438,319.79998779296875,140.0175018310547,164.7998809814453,173.71026611328125,52.2874755859375
2022-01-12,174.806640625,320.3900146484375,141.6479949951172,165.734619140625,174.13729858398438,52.15087890625
2022-01-13,171.48040771484375,321.260009765625,139.13099670410156,165.52798461914062,175.69020080566406,52.21917724609375
2022-01-14,172.35679626464844,324.1300048828125,139.7864990234375,155.35406494140625,173.47732543945312,51.985008239746094
2022-01-18,169.10025024414062,320.2900085449219,136.29049682617188,148.84039306640625,173.0308837890625,52.13136291503906
2022-01-19,165.5449676513672,314.75,135.65199279785156,146.5379638671875,173.2249755859375,52.19966125488281
2022-01-20,163.83204650878906,311.010009765625,133.50650024414062,145.2883758544922,168.45956420898438,52.10209655761719
2022-01-21,161.74070739746094,305.2200012207031,130.0919952392578,142.7498016357422,167.56663513183594,51.86792755126953
2022-01-24,160.95396423339844,303.7300109863281,130.3719940185547,142.6219024658203,167.7122344970703,51.672786712646484
2022-01-25,159.1215362548828,307.19000244140625,126.7354965209961,144.176513671875,168.63426208496094,51.61425018310547
2022-01-26,159.03192138671875,309.260009765625,129.24000549316406,145.544189453125,164.3152618408203,49.77994155883789
2022-01-27,158.56385803222656,307.6700134277344,129.12100219726562,142.97610473632812,165.14996337890625,49.94580841064453
2022-01-28,169.62808227539062,312.8999938964844,133.2895050048828,144.25523376464844,158.29782104492188,51.61425018310547
2022-01-31,174.05972290039062,313.0199890136719,135.69850158691406,146.21328735351562,161.1318359375,51.93622589111328
2022-02-01,173.8904266357422,313.9599914550781,137.8784942626953,148.72230529785156,162.50033569335938,51.90695571899414
2022-02-02,175.1153564453125,319.6000061035156,148.0364990234375,147.53175354003906,161.7530059814453,52.49237060546875
2022-02-03,172.18746948242188,315.2300109863281,142.65049743652344,146.31166076660156,159.54983520507812,52.48261642456055
2022-02-04,171.8983154296875,314.989990234375,143.01600646972656,150.1096649169922,155.99757385253906,52.0142822265625
2022-02-07,171.17039489746094,316.510009765625,138.93800354003906,150.61148071289062,156.4246368408203,51.711814880371094
2022-02-08,174.33135986328125,321.44000244140625,139.21299743652344,153.44522094726562,157.62814331054688,51.536190032958984
2022-02-09,175.77720642089844,322.3800048828125,141.4530029296875,154.0847930908203,158.82191467285156,52.19966125488281
2022-02-10,171.6290740966797,319.8500061035156,138.6024932861328,153.44522094726562,155.03675842285156,51.75084686279297
2022-02-11,168.1590118408203,319.1400146484375,134.1300048828125,151.4478302001953,154.84262084960938,52.02404022216797
2022-02-14,168.39833068847656,314.2799987792969,135.3000030517578,150.04080200195312,153.35768127441406,51.97525405883789
2022-02-15,172.2971649169922,316.20001220703125,136.42550659179688,152.2349853515625,152.7073974609375,52.06306457519531
2022-02-16,172.057861328125,315.6499938964844,137.4875030517578,152.51048278808594,151.04776000976562,52.10209655761719
2022-02-17,168.39833068847656,313.54998779296875,132.30850219726562,148.99781799316406,145.65809631347656,52.2777214050293
2022-02-18,166.8228302001953,314.79998779296875,130.46749877929688,149.69642639160156,144.65855407714844,52.52164077758789
2022-02-22,163.85133361816406,314.1600036621094,129.40249633789062,149.43075561523438,143.80601501464844,52.58993911743164
2022-02-23,159.61346435546875,309.989990234375,127.58499908447266,146.3018341064453,141.4835662841797,52.111846923828125
2022-02-24,162.27584838867188,308.2799987792969,132.67349243164062,142.22833251953125,140.81719970703125,51.3117790222168
2022-02-25,164.37982177734375,319.239990234375,134.51950073242188,145.59339904785156,147.49057006835938,52.80459213256836
2022-02-28,164.6490478515625,321.45001220703125,134.89100646972656,139.52249145507812,145.6678924560547,52.36553192138672
2022-03-01,162.73451232910156,316.8399963378906,134.16799926757812,134.25840759277344,141.84613037109375,52.30699157714844
2022-03-02,166.08494567871094,323.6400146484375,134.75149536132812,137.04296875,144.26658630371094,52.8241081237793
2022-03-03,165.75587463378906,327.739990234375,134.30799865722656,136.06886291503906,145.3249053955078,53.33146667480469
2022-03-04,162.70460510253906,325.3399963378906,132.1219940185547,132.2413330078125,143.78640747070312,53.770530700683594
2022-03-07,158.8456573486328,322.7200012207031,126.4645004272461,127.13471984863281,140.40562438964844,53.350982666015625
2022-03-08,156.99095153808594,318.5199890136719,127.27850341796875,126.23932647705078,142.48309326171875,51.95574188232422
2022-03-09,162.4852294921875,325.3999938964844,133.86599731445312,131.29676818847656,143.65902709960938,51.78987121582031
2022-03-10,158.06788635253906,325.29998779296875,132.6820068359375,129.7421417236328,141.04258728027344,51.93622589111328
2022-03-11,154.28868103027344,326.6000061035156,130.47549438476562,126.8198471069336,138.13217163085938,51.75084686279297
2022-03-14,150.19039916992188,329.9800109863281,126.74099731445312,128.07928466796875,140.6016082763672,51.223968505859375
2022-03-15,154.64764404296875,332.54998779296875,129.66050720214844,130.35218811035156,141.4149627685547,51.4776496887207
2022-03-16,159.1348114013672,336.1099853515625,133.6905059814453,136.17709350585938,142.59088134765625,51.21421432495117
2022-03-17,160.16188049316406,344.9700012207031,134.60049438476562,137.89898681640625,144.72715759277344,51.087371826171875
2022-03-18,163.5122833251953,342.4100036621094,136.80149841308594,137.8498077392578,145.34451293945312,49.565284729003906
2022-03-21,164.90830993652344,349.6600036621094,136.47850036621094,137.4070281982422,145.59930419921875,49.857994079589844
2022-03-22,168.3385009765625,349.92999267578125,140.27749633789062,140.32931518554688,146.93202209472656,49.76042556762695
2022-03-23,169.7245330810547,348.1600036621094,138.5034942626953,137.53494262695312,144.71734619140625,49.73115921020508
2022-03-24,173.5735321044922,352.3699951171875,141.31199645996094,138.43032836914062,145.99127197265625,49.76042556762695
2022-03-25,174.22166442871094,358.760009765625,141.52149963378906,139.64056396484375,147.44158935546875,50.03361892700195
2022-03-28,175.0991668701172,359.57000732421875,141.9499969482422,138.60743713378906,146.471435546875,49.926292419433594
2022-03-29,178.44956970214844,355.1199951171875,143.25,138.9124298095703,149.02908325195312,50.00435256958008
2022-03-30,177.26296997070312,357.6099853515625,142.64450073242188,138.28271484375,148.39212036132812,50.35559844970703
2022-03-31,174.1119842529297,352.9100036621094,139.64950561523438,134.13050842285156,145.89328002929688,49.701881408691406
2022-04-01,173.81283569335938,351.8800048828125,140.6999969482422,133.13671875,146.68702697753906,50.85320281982422
2022-04-04,177.93106079101562,345.42999267578125,143.6425018310547,133.7270965576172,146.53024291992188,51.184940338134766
2022-04-05,174.56069946289062,344.79998779296875,141.06300354003906,132.17086791992188,145.91287231445312,51.497161865234375
2022-04-06,171.3399200439453,344.7099914550781,137.17599487304688,130.33709716796875,147.2847900390625,51.90695571899414
2022-04-07,171.64901733398438,346.510009765625,136.46499633789062,129.94058227539062,146.9418182373047,52.015586853027344
2022-04-08,169.60487365722656,353.1000061035156,134.010498046875,132.31954956054688,146.8046112060547,52.86490249633789
2022-04-11,165.27725219726562,352.0199890136719,129.79649353027344,131.83384704589844,147.1083984375,53.23030471801758
2022-04-12,167.1818084716797,349.739990234375,128.37449645996094,130.3866424560547,145.59930419921875,53.0031623840332
2022-04-13,169.9139862060547,346.2200012207031,130.28599548339844,126.18382263183594,145.6776885986328,53.467323303222656
2022-04-14,164.8185577392578,344.3299865722656,127.25299835205078,125.01417541503906,144.4233856201172,53.16117477416992
2022-04-18,164.5991973876953,346.6499938964844,127.96099853515625,127.33365631103516,143.2474365234375,52.72664260864258
2022-04-19,166.9225311279297,348.5,130.531005859375,129.97032165527344,147.08880615234375,53.08216857910156
2022-04-20,166.75302124023438,348.82000732421875,128.24549865722656,130.42630004882812,147.5689697265625,53.73396682739258
2022-04-21,165.94532775878906,343.6000061035156,124.9375,129.4152374267578,148.72531127929688,54.32651138305664
2022-04-22,161.3285369873047,335.55999755859375,119.61399841308594,125.6981201171875,146.17745971679688,51.26502990722656
2022-04-25,162.41543579101562,336.95001220703125,123.25,125.6584701538086,145.61891174316406,49.65528106689453
2022-04-26,156.352783203125,330.6499938964844,119.50599670410156,121.94134521484375,141.32676696777344,48.79609298706055
2022-04-27,156.12344360351562,329.5799865722656,115.02050018310547,120.35537719726562,141.3169708251953,47.85789489746094
2022-04-28,163.1732635498047,331.2699890136719,119.4114990234375,122.258544921875,144.1881866455078,47.798641204833984
2022-04-29,157.20034790039062,322.8299865722656,114.96649932861328,118.31344604492188,141.32676696777344,45.7247314453125
2022-05-02,157.50946044921875,318.19000244140625,117.15699768066406,119.39388275146484,142.9828643798828,45.655601501464844
2022-05-03,159.02513122558594,318.989990234375,118.12950134277344,121.95126342773438,145.1093292236328,46.58392333984375
2022-05-04,165.54649353027344,326.79998779296875,122.57499694824219,125.9855728149414,151.1359405517578,47.769012451171875
2022-05-05,156.3228759765625,318.67999267578125,116.74649810791016,122.83345794677734,146.46165466308594,47.24559783935547
2022-05-06,157.06182861328125,318.8800048828125,115.66000366210938,122.63521575927734,146.53024291992188,47.670257568359375
2022-05-09,151.8490753173828,312.9599914550781,113.08399963378906,120.79151916503906,149.32305908203125,48.015907287597656
2022-05-10,154.29566955566406,312.5299987792969,114.58450317382812,117.84756469726562,146.1284637451172,47.53199768066406
2022-05-11,146.29678344726562,311.5400085449219,113.96099853515625,117.10414123535156,143.47283935546875,47.28510284423828
2022-05-12,142.36224365234375,308.05999755859375,113.16100311279297,117.00502014160156,146.5890350341797,47.462867736816406
2022-05-13,146.90594482421875,310.3599853515625,116.5155029296875,118.04580688476562,146.3048553466797,47.58137512207031
2022-05-16,145.33811950683594,309.2900085449219,114.7925033569336,117.22309112548828,147.4807891845703,48.43069076538086
2022-05-17,149.03298950195312,314.6000061035156,116.70149993896484,121.10871887207031,149.28387451171875,48.331932067871094
2022-05-18,140.6246795654297,306.6400146484375,112.4010009765625,119.03704071044922,145.9422607421875,48.28255081176758
2022-05-19,137.15948486328125,304.1499938964844,110.74549865722656,117.27264404296875,145.4671630859375,48.48994064331055
2022-05-20,137.39913940429688,304.04998779296875,109.31300354003906,116.31114959716797,142.36895751953125,48.91460037231445
2022-05-23,142.91148376464844,310.20001220703125,111.66649627685547,123.50749206542969,142.91336059570312,49.052860260009766
2022-05-24,140.16529846191406,309.1700134277344,105.9260025024414,125.25206756591797,144.26943969726562,50.05031204223633
2022-05-25,140.32508850097656,308.6400146484375,105.8395004272461,126.12434387207031,144.3090362548828,50.603355407714844
2022-05-26,143.58055114746094,312.5,108.2959976196289,128.30506896972656,145.5463409423828,50.35646438598633
2022-05-27,149.43243408203125,319.1099853515625,112.79900360107422,130.1190185546875,147.99124145507812,50.76136779785156
2022-05-31,148.633544921875,315.9800109863281,114.03900146484375,131.07058715820312,147.7734832763672,50.652732849121094
2022-06-01,148.50372314453125,312.2099914550781,114.13700103759766,128.77093505859375,144.93263244628906,50.76136779785156
2022-06-02,151.00025939941406,314.95001220703125,117.74600219726562,130.84262084960938,146.6747589111328,50.652732849121094
2022-06-03,145.1783447265625,310.94000244140625,114.56400299072266,129.0187530517578,144.48721313476562,50.1786994934082
2022-06-06,145.93728637695312,312.1499938964844,117.010498046875,128.59251403808594,144.7247772216797,50.603355407714844
2022-06-07,148.50372314453125,313.6499938964844,117.22949981689453,128.92955017089844,145.37806701660156,51.008262634277344
2022-06-08,147.75477600097656,308.739990234375,117.23799896240234,126.877685546875,143.9427947998047,50.90950393676758
2022-06-09,142.442138671875,300.79998779296875,114.91799926757812,124.21126556396484,142.71539306640625,50.30707931518555
2022-06-10,136.93978881835938,291.7099914550781,111.42749786376953,118.50177764892578,136.25172424316406,50.18857192993164
2022-06-13,131.6970672607422,281.55999755859375,106.87650299072266,114.97298431396484,134.98472595214844,48.973854064941406
2022-06-14,132.57583618164062,277.6400146484375,107.19400024414062,113.0599136352539,133.8760986328125,48.549198150634766
2022-06-15,135.2421417236328,278.92999267578125,110.3905029296875,114.39807891845703,132.9654541015625,48.53932571411133
2022-06-16,129.8795928955078,268.55999755859375,106.63600158691406,112.43544006347656,129.60989379882812,48.23317337036133
2022-06-17,131.37750244140625,268.0799865722656,107.8655014038086,112.0389404296875,128.52105712890625,48.42081069946289
2022-06-21,135.68153381347656,271.7699890136719,112.01499938964844,114.81439208984375,128.6893310546875,50.020687103271484
2022-06-22,135.16226196289062,269.7900085449219,112.03399658203125,114.17008972167969,129.0753631591797,50.1589469909668
2022-06-23,138.0782012939453,267.5199890136719,112.68450164794922,112.92113494873047,128.82791137695312,51.44279479980469
2022-06-24,141.4635009765625,278.2799987792969,118.53800201416016,116.29132843017578,132.9654541015625,50.32683181762695
2022-06-27,141.4635009765625,278.3999938964844,116.62249755859375,115.35956573486328,131.4510040283203,50.32683181762695
2022-06-28,137.24935913085938,273.8599853515625,112.57150268554688,114.80448150634766,129.00608825683594,49.833045959472656
2022-06-29,139.036865234375,273.489990234375,112.25650024414062,114.2890396118164,128.4517822265625,50.30707931518555
2022-06-30,136.5303497314453,273.0199890136719,109.37249755859375,111.62262725830078,128.09542846679688,50.119441986083984
2022-07-01,138.73727416992188,277.5,109.08100128173828,113.05000305175781,127.18478393554688,50.998382568359375
2022-07-05,141.36363220214844,275.69000244140625,113.88700103759766,112.62000274658203,127.89746856689453,50.7811164855957
2022-07-06,142.7217559814453,275.6499938964844,115.2135009765625,111.88999938964844,128.52105712890625,50.869998931884766
2022-07-07,146.14700317382812,279.2799987792969,119.30599975585938,114.72000122070312,128.7289276123047,50.709999084472656
2022-07-08,146.83602905273438,280.8299865722656,120.16850280761719,114.36000061035156,127.41243743896484,50.4900016784668
2022-07-11,144.66903686523438,278.510009765625,116.52249908447266,112.86000061035156,127.6994857788086,50.5
2022-07-12,145.6576690673828,277.2799987792969,114.84950256347656,112.97000122070312,128.8773956298828,50.779998779296875
2022-07-13,145.28819274902344,277.4700012207031,112.18699645996094,111.91000366210938,127.06598663330078,50.5099983215332
2022-07-14,148.26405334472656,274.4100036621094,111.44000244140625,108.0,127.00659942626953,50.4900016784668
2022-07-15,149.96170043945312,278.4800109863281,112.76699829101562,112.94999694824219,128.80812072753906,51.02000045776367
2022-07-18,146.86599731445312,276.260009765625,109.91000366210938,111.79000091552734,127.60050964355469,50.279998779296875
2022-07-19,150.79054260253906,283.54998779296875,114.62000274658203,114.55999755859375,130.78781127929688,50.45000076293945
2022-07-20,152.8277130126953,286.0400085449219,114.69999694824219,114.54000091552734,131.6588592529297,49.06999969482422
2022-07-21,155.134521484375,286.8500061035156,115.04000091552734,115.31999969482422,132.5893096923828,47.65999984741211
2022-07-22,153.87625122070312,285.92999267578125,108.36000061035156,114.76000213623047,132.75758361816406,44.45000076293945
2022-07-25,152.7378387451172,287.989990234375,108.20999908447266,115.22000122070312,132.75758361816406,44.7599983215332
2022-07-26,151.3897247314453,285.30999755859375,105.44000244140625,113.41999816894531,139.3202362060547,44.91999816894531
2022-07-27,156.572509765625,290.29998779296875,113.5999984741211,115.23999786376953,137.44943237304688,44.90999984741211
2022-07-28,157.13174438476562,293.8999938964844,114.58999633789062,114.80999755859375,138.944091796875,45.54999923706055
2022-07-29,162.28457641601562,300.6000061035156,116.63999938964844,115.36000061035156,141.78494262695312,46.189998626708984
2022-08-01,161.2859649658203,295.8599853515625,115.4800033569336,114.20999908447266,141.90371704101562,46.2599983215332
2022-08-02,159.7880401611328,292.1700134277344,115.9000015258789,112.43000030517578,140.31007385253906,45.34000015258789
2022-08-03,165.89956665039062,294.9599914550781,118.77999877929688,113.61000061035156,142.03240966796875,45.33000183105469
2022-08-04,165.5800018310547,292.9100036621094,118.87000274658203,112.36000061035156,146.61537170410156,44.43000030517578
2022-08-05,165.35000610351562,292.07000732421875,118.22000122070312,115.76000213623047,145.91258239746094,44.95000076293945
2022-08-08,164.8699951171875,292.3399963378906,118.13999938964844,114.3499984741211,146.97171020507812,44.540000915527344
2022-08-09,164.9199981689453,292.7699890136719,117.5,115.37999725341797,146.3382110595703,44.68000030517578
2022-08-10,169.24000549316406,295.1099853515625,120.6500015258789,118.38999938964844,147.86257934570312,44.84000015258789
2022-08-11,168.49000549316406,296.4700012207031,119.81999969482422,120.13999938964844,148.1397247314453,44.779998779296875
2022-08-12,172.10000610351562,301.54998779296875,122.6500015258789,122.12999725341797,150.6935272216797,45.150001525878906
2022-08-15,173.19000244140625,302.82000732421875,122.87999725341797,122.45999908447266,149.89173889160156,45.560001373291016
2022-08-16,173.02999877929688,306.6499938964844,122.51000213623047,123.62999725341797,148.73362731933594,45.79999923706055
2022-08-17,174.5500030517578,304.260009765625,120.31999969482422,122.58999633789062,145.932373046875,45.34000015258789
2022-08-18,174.14999389648438,304.2699890136719,120.86000061035156,121.63999938964844,145.1899871826172,44.189998626708984
2022-08-19,171.52000427246094,297.2799987792969,118.12000274658203,118.62999725341797,145.1999969482422,44.41999816894531
2022-08-22,167.57000732421875,288.69000244140625,115.06999969482422,116.66999816894531,141.58999633789062,44.16999816894531
2022-08-23,167.22999572753906,289.6499938964844,114.7699966430664,115.5199966430664,141.75,43.470001220703125
2022-08-24,167.52999877929688,293.5199890136719,114.69999694824219,115.80000305175781,141.0399932861328,43.54999923706055
2022-08-25,170.02999877929688,298.1300048828125,117.69999694824219,118.55000305175781,142.75999450683594,43.7400016784668
2022-08-26,163.6199951171875,289.9599914550781,111.30000305175781,114.66999816894531,129.13999938964844,43.25
2022-08-29,161.3800048828125,287.45001220703125,110.33999633789062,114.38999938964844,126.44000244140625,43.33000183105469
2022-08-30,158.91000366210938,285.4200134277344,109.91000366210938,114.41000366210938,124.86000061035156,42.529998779296875
2022-08-31,157.22000122070312,280.79998779296875,109.1500015258789,113.7300033569336,124.3499984741211,41.810001373291016
2022-09-01,157.9600067138672,282.42999267578125,110.55000305175781,114.51000213623047,125.62999725341797,41.810001373291016
2022-09-02,155.80999755859375,277.6700134277344,108.68000030517578,113.70999908447266,121.6500015258789,41.29999923706055
